# rank	vertex	score
1	1973	0.000173367
2	1935	0.00015272
3	49559	0.000107211
4	254	9.24427e-05
5	48	8.75084e-05
6	242622	8.41907e-05
7	64577	7.87468e-05
8	25347	7.44106e-05
9	21932	7.01383e-05
10	49566	6.99008e-05
11	4468	6.96331e-05
12	37595	6.19935e-05
13	25064	6.11947e-05
14	20975	6.1127e-05
15	52058	5.88767e-05
16	59461	5.70038e-05
17	18661	5.67635e-05
18	20415	5.50936e-05
19	24085	5.46933e-05
20	33942	5.31538e-05
