# rank	vertex	score
1	1973	0.000173369
2	1935	0.000152721
3	49559	0.000107213
4	254	9.24437e-05
5	48	8.75094e-05
6	242622	8.41916e-05
7	64577	7.87476e-05
8	25347	7.44115e-05
9	21932	7.0139e-05
10	49566	6.99016e-05
11	4468	6.96341e-05
12	37595	6.1994e-05
13	25064	6.11953e-05
14	20975	6.11276e-05
15	52058	5.88773e-05
16	59461	5.70044e-05
17	18661	5.67641e-05
18	20415	5.50942e-05
19	24085	5.46938e-05
20	33942	5.31543e-05
